{
    "spring": [
        {
            "options": [
                "What group has the highest status in the community? What must people do to gain inclusion in this group?",
                "Are there distinct family units in the community? If so, what family structures are common?"
            ]
        },
        {
            "options": [
                "There’s a large body of water on the map. Where is it? What does it look like? ",
                "There’s a giant, man-made structure on the map.  Where is it? Why is it abandoned?"
            ]
        },
        {
            "options": [
                "Someone new arrives. Who?",
                "Two of the community’s younger members get into a fight. What provoked them?"
            ]
        },
        {
            "options": [
                "What important and basic tools does the community lack?",
                "Where are you storing your food? Why is this a risky place to store things?"
            ]
        },
        {
            "options": [
                "There is a disquieting legend about this place. What is it?",
                "Alarming weather patterns destroy something. How and what?"
            ]
        },
        {
            "options": [
                "Are there children in your community? If there are, what is their role in the community?",
                "How old are the eldest members of the community? What special needs do they have?"
            ]
        },
        {
            "options": [
                "Where does everyone sleep? Who is unhappy with this arrangement, and why?",
                "What natural predators roam this area? Are you safe?"
            ]
        },
        {
            "options": [
                "An old piece of machinery is discovered, broken but perhaps repairable. What is it? What would it be useful for?",
                "An old piece of machinery is discovered, cursed and dangerous. How does the community destroy it?"
            ]
        },
        {
            "options": [
                "A charismatic young girl convinces many to help her with an elaborate scheme. What is it? Who joins her endeavors? Start a project to reflect.",
                "A charismatic young girl tries to tempt many into sinful or dangerous activity. Why does she do this? How does the community respond?"
            ]
        },
        {
            "options": [
                "There’s another community somewhere on the map. Where are they? What sets them apart from you?",
                "What belief or practice helps to unify your community?"
            ]
        },
        {
            "options": [
                "You see a good omen. What is it?",
                "You see a bad omen. What is it?"
            ]
        },
        {
            "options": [
                "What’s the most beautiful thing in this area?",
                "What’s the most hideous thing in this area?"
            ]
        },
        {
            "options": [
                "A young boy starts digging in the ground, and discovers something unexpected. What is it?",
                "An old man confesses to past crimes and atrocities. What has he done?"
            ]
        }
    ],
    "summer": [
        {
            "options": [
                "A contingent within the community demand to be heard. Who are they? What are they asking for?",
                "A contingent within the community have acted on their frustrations. What have they damaged, and why did they damage it? Is it permanent?"
            ]
        },
        {
            "options": [
                "Someone new arrives. Who? Why are they in distress?",
                "Someone leaves the community. Who? What are they looking for?"
            ]
        },
        {
            "options": [
                "Summer is a time for production and tending to the earth. Start a project related to food production.",
                "Summer is a time for conquest and the gathering of might. Start a project related to military readiness and conquest."
            ]
        },
        {
            "options": [
                "The eldest among you dies. What caused the death?",
                "The eldest among you is very sick. Caring for them and searching for a cure requires the help of the entire community. Do not reduce project dice this week."
            ]
        },
        {
            "options": [
                "A project finishes early. What led to its early completion?",
                "The weather is nice and people can feel the potential  all around them. Start a new project."
            ]
        },
        {
            "options": [
                "Outsiders arrive in the area. Why are they a threat? How are they vulnerable?",
                "Outsiders arrive in the area. How many? How are they greeted?"
            ]
        },
        {
            "options": [
                "Introduce a mystery at the edge of the map.",
                "An unattended situation becomes problematic and scary. What is it? How does it go awry?"
            ]
        },
        {
            "options": [
                "Someone tries to take control of the community by force. Do they succeed? Why do they do this?",
                "A headstrong community member decides to put one of their ideas in motion. Start a foolish project."
            ]
        },
        {
            "options": [
                "A project fails. Which one? Why?",
                "Something goes foul and supplies are ruined. Add a new Scarcity."
            ]
        },
        {
            "options": [
                "You discover a cache of supplies or resources. Add a new Abundance.",
                "A Scarcity has gone unaddressed for too long! Start a project that will alleviate that Scarcity."
            ]
        },
        {
            "options": [
                "Predators and bad omens are afoot. You are careless, and someone goes missing under ominous circumstances. Who?",
                "Predators and bad omens are afoot. What measures do you take to keep everyone safe and under surveillance? Do not reduce project dice this week."
            ]
        },
        {
            "options": [
                "A project finishes early. Which one? Why? \nIf there are no projects underway, boredom leads to quarrel. A fight breaks out between two people. What is it about?"
            ]
        },
        {
            "options": [
                "Summer is fleeting. Discard the top two cards off the top of the deck and take two actions this week."
            ]
        }
    ],
    "autumn": [
        {
            "options": [
                "The community becomes obsessed with a single project. Which one? Why? Choose one: \n• They decide to take more time to ensure that it is perfect. Add 3 weeks to the project die. \n• They drop everything else to work on it. All other projects fail. \nIf there are no projects underway, the community becomes obsessed with a grandiose vision. Hold a discussion about this vision, in addition to your regular action for the week"
            ]
        },
        {
            "options": [
                "Someone returns to the community. Who? Where were they? ",
                "You find a body. Do people recognize who it is? What happened?"
            ]
        },
        {
            "options": [
                "Someone leaves the community after issuing a dire warning.Who? What is the warning? ",
                "Someone issues a dire warning, and the community leaps into action to avoid disaster. What is the warning? Start a contentious project that relates to it."
            ]
        },
        {
            "options": [
                "The strongest among you dies. What caused the death?",
                "The weakest among you dies. Who’s to blame for their death?"
            ]
        },
        {
            "options": [
                "The Parish arrives. Who are they? Why have they chosen your community, and for what?",
                "A small gang of marauders is making its way through local terrain. How many are there? What weapons do they carry?"
            ]
        },
        {
            "options": [
                "Introduce a dark mystery among the members of the community.",
                "Conflict flares up among community members, and as a result, a project fails."
            ]
        },
        {
            "options": [
                "A project just isn’t working out as expected. Radically change the nature of this project (don’t modify the project die). When it resolves, you’ll be responsible for telling the community how it went.",
                "Something goes foul and supplies are ruined. Add a new Scarcity."
            ]
        },
        {
            "options": [
                "Someone sabotages a project, and the project fails as a result. Who did this? Why?",
                "Someone is caught trying to sabotage the efforts of the community. How does the community respond?"
            ]
        },
        {
            "options": [
                "The community works constantly and as a result a project finishes early.",
                "A group goes out to explore the map more thoroughly, and finds something that had been previously overlooked."
            ]
        },
        {
            "options": [
                "Harvest is here and plentiful. Add an Abundance.",
                "Cold autumn winds drive out your enemies. Remove a threatening force from the map and the area."
            ]
        },
        {
            "options": [
                "A project finishes early. Which one? Why?\nIf there are no projects underway, restlessness creates animosity, and animosity leads to violence. Who gets hurt?"
            ]
        },
        {
            "options": [
                "Disease spreads through the community. Choose one:\n• You spend the week quarantining and treating the disease. Project dice are not reduced this week.\n• Nobody knows what to do about it. Add “Health and Fertility” as a Scarcity."
            ]
        },
        {
            "options": [
                "A natural disaster strikes the area. What is it? Choose one:\n• You focus on getting everyone to safety. Remove an Abundance and a project fails.\n• You focus on protecting your supplies and hard work at any cost. Several people die as a result."
            ]
        }
    ],
    "winter": [
        {
            "options": [
                "Now is the time to conserve energy and resources. A project fails, but gain an Abundance.",
                "Now is the time for hurried labour and final efforts. A project finishes early, but gain a Scarcity."
            ]
        },
        {
            "options": [
                "A headstrong community member takes charge of the community’s work efforts. A project fails, and then a different project finishes early.",
                "A headstrong community member tries to take control of the community. How are they prevented from doing this? Due to the conflict, project dice are not reduced this week."
            ]
        },
        {
            "options": [
                "Someone comes up with an ingenious solution to a big problem and as a result a project finishes early. What was their idea?",
                "Someone comes up with a plan to ensure safety and comfort during the coldest months. Start a project related to this."
            ]
        },
        {
            "options": [
                "All the animals and young children are crying and won’t stop. Hold a discussion about this, in addition to your regular action for the week.",
                "A great atrocity is revealed. What is it? Who uncovers it?"
            ]
        },
        {
            "options": [
                "Winter elements destroy a food source. If this was your only food source, add a Scarcity.",
                "Winter elements leave everyone cold, tired, and miserable. Project dice are not reduced this week."
            ]
        },
        {
            "options": [
                "The time has come to consolidate your efforts and your borders. Projects located outside the settlement fail, and all remaining projects are reduced by 2 this week.",
                "Someone finds a curious opportunity on the edge of the map. Start a project related to this discovery."
            ]
        },
        {
            "options": [
                "What is winter like in this area? How do community members react to the weather?"
            ]
        },
        {
            "options": [
                "Winter is harsh, and desperation gives rise to fear mongering. Choose one:\n• Spend the week calming the masses and dispelling their violent sentiments. The week ends immediately.\n• Declare war on someone or something. This counts as starting a project"
            ]
        },
        {
            "options": [
                "Someone goes missing. They’re alone in the winter elements. Choose one:\n• The community organizes constant search parties and eventually the person is found. Project dice are not reduced this week.\n• No one ever hears from that person again."
            ]
        },
        {
            "options": [
                "In preparation for the coming year, the community begins a huge undertaking. Start a project that will take at least 5 weeks to complete."
            ]
        },
        {
            "options": [
                "An infected outsider arrives, seeking amnesty. They have some much-needed resources with them. Choose one:\n• Welcome them into the community. Remove a Scarcity, but also introduce an infection into the community.\n• Bar them from entry. What Scarcity could they have addressed? How does its need become more dire this week?"
            ]
        },
        {
            "options": [
                "You see a good omen. What is it?"
            ]
        }
    ]
}